{
  "collapse-filter": true,
  "search": "",
  "showTags": false,
  "showAttachments": false,
  "hideUnresolved": false,
  "showOrphans": true,
  "collapse-color-groups": false,
  "colorGroups": [
    {
      "query": "file:Ciberseguridad",
      "color": {
        "a": 1,
        "rgb": 6829810
      }
    },
    {
      "query": "tag:Pentesting",
      "color": {
        "a": 1,
        "rgb": 16716820
      }
    },
    {
      "query": "tag:Sistemas_operativos",
      "color": {
        "a": 1,
        "rgb": 16512040
      }
    },
    {
      "query": "tag:Seguridad",
      "color": {
        "a": 1,
        "rgb": 4758516
      }
    },
    {
      "query": "tag:programación",
      "color": {
        "a": 1,
        "rgb": 2881309
      }
    },
    {
      "query": "tag:Redes_de_Datos",
      "color": {
        "a": 1,
        "rgb": 10447133
      }
    }
  ],
  "collapse-display": true,
  "showArrow": true,
  "textFadeMultiplier": 0,
  "nodeSizeMultiplier": 1.0953125,
  "lineSizeMultiplier": 1.12083333333333,
  "collapse-forces": true,
  "centerStrength": 0.447916666666667,
  "repelStrength": 10,
  "linkStrength": 0.572916666666667,
  "linkDistance": 121,
  "scale": 0.3368169545026386,
  "close": true
}