{
  "main": {
    "id": "f1495091a24e0d34",
    "type": "split",
    "children": [
      {
        "id": "c5354c20352b11f1",
        "type": "tabs",
        "children": [
          {
            "id": "5d9fb30691f617b0",
            "type": "leaf",
            "state": {
              "type": "markdown",
              "state": {
                "file": "Sistemas Operativos/Gestion de procesos.md",
                "mode": "source",
                "source": false
              }
            }
          },
          {
            "id": "5665581e5b0d84fb",
            "type": "leaf",
            "state": {
              "type": "graph",
              "state": {}
            }
          },
          {
            "id": "228e12356a806e55",
            "type": "leaf",
            "state": {
              "type": "markdown",
              "state": {
                "file": "Sistemas Operativos/Linux.md",
                "mode": "source",
                "source": false
              }
            }
          }
        ],
        "currentTab": 2
      }
    ],
    "direction": "vertical"
  },
  "left": {
    "id": "a85cd55c8ea6cf03",
    "type": "split",
    "children": [
      {
        "id": "2a14d53e609504db",
        "type": "tabs",
        "children": [
          {
            "id": "54b1aa1339c0ffd9",
            "type": "leaf",
            "state": {
              "type": "file-explorer",
              "state": {
                "sortOrder": "alphabetical"
              }
            }
          },
          {
            "id": "cb928ae417d77334",
            "type": "leaf",
            "state": {
              "type": "search",
              "state": {
                "query": "",
                "matchingCase": false,
                "explainSearch": false,
                "collapseAll": false,
                "extraContext": false,
                "sortOrder": "alphabetical"
              }
            }
          },
          {
            "id": "180c5501ea292c88",
            "type": "leaf",
            "state": {
              "type": "bookmarks",
              "state": {}
            }
          }
        ]
      }
    ],
    "direction": "horizontal",
    "width": 201.5
  },
  "right": {
    "id": "27a744dec92e9041",
    "type": "split",
    "children": [
      {
        "id": "d5d0e7a050f9fac3",
        "type": "tabs",
        "children": [
          {
            "id": "641cb436eab68336",
            "type": "leaf",
            "state": {
              "type": "backlink",
              "state": {
                "file": "Sistemas Operativos/Linux.md",
                "collapseAll": false,
                "extraContext": false,
                "sortOrder": "alphabetical",
                "showSearch": false,
                "searchQuery": "",
                "backlinkCollapsed": false,
                "unlinkedCollapsed": true
              }
            }
          },
          {
            "id": "3c1373ac9b741566",
            "type": "leaf",
            "state": {
              "type": "outgoing-link",
              "state": {
                "file": "Sistemas Operativos/Linux.md",
                "linksCollapsed": false,
                "unlinkedCollapsed": true
              }
            }
          },
          {
            "id": "a05ae4795f512e76",
            "type": "leaf",
            "state": {
              "type": "tag",
              "state": {
                "sortOrder": "frequency",
                "useHierarchy": true
              }
            }
          },
          {
            "id": "f98e2ab56a383b20",
            "type": "leaf",
            "state": {
              "type": "outline",
              "state": {
                "file": "Sistemas Operativos/Linux.md"
              }
            }
          }
        ]
      }
    ],
    "direction": "horizontal",
    "width": 300,
    "collapsed": true
  },
  "left-ribbon": {
    "hiddenItems": {
      "switcher:Abrir selector rápido": false,
      "graph:Abrir vista gráfica": false,
      "canvas:Crear nuevo lienzo": false,
      "daily-notes:Abrir la nota de hoy": false,
      "templates:Insertar plantilla": false,
      "command-palette:Abrir paleta de comandos": false
    }
  },
  "active": "228e12356a806e55",
  "lastOpenFiles": [
    "Sistemas Operativos/Busquedas.md",
    "Sistemas Operativos/Gestion de procesos.md",
    "Sistemas Operativos/Comandos de consola de linux.md",
    "Sistemas Operativos/Linux.md",
    "Sistemas Operativos/Operadores de consola.md",
    "Sistemas Operativos/Comandos para gestionar comprimidos.md",
    "Sistemas Operativos/Redes en linux.md",
    "Sistemas Operativos/Administracion de paquetes.md",
    "Sistemas Operativos/Administracion de grupos.md",
    "Sistemas Operativos/Administracion de usuarios.md",
    "Sistemas Operativos/stderr, stdin, stdout.md",
    "Sistemas Operativos/tail.md",
    "Sistemas Operativos/Rutas absolutas y relativas.md",
    "Sistemas Operativos/Sistemas Operativos.md",
    "Ciberseguridad.md",
    "Pentesting/Explotación/Explotación.md",
    "Pentesting/Explotación/Ataque de Shellshock.md",
    "Pentesting/Explotación/Sesion Puzzling.md",
    "Pentesting/Explotación/SQL Truncation.md",
    "Pentesting/Explotación/CORS.md",
    "Pentesting/Explotación/IDORs.md",
    "Pentesting/Explotación/Ataque de Asignación Masiva.md",
    "Pentesting/Explotación/Ataque de Transferencia de Zona.md",
    "Pentesting/Explotación/Inyecciones NoSQL.md",
    "Pentesting/Explotación/SSRF.md",
    "Pentesting/Explotación/CSRF.md",
    "Sistemas Operativos",
    "Redes de Datos",
    "Programación",
    "Pentesting/Explotación",
    "Pentesting/Escalada",
    "Pentesting/Enumeración de Información",
    "Pentesting/Recopilación de Información",
    "Pentesting",
    "Seguridad/Acceso_Remoto",
    "Seguridad/Red"
  ]
}