{
  "main": {
    "id": "f1495091a24e0d34",
    "type": "split",
    "children": [
      {
        "id": "f62a1df83faf9288",
        "type": "tabs",
        "children": [
          {
            "id": "d9211aacc38dc027",
            "type": "leaf",
            "state": {
              "type": "markdown",
              "state": {
                "file": "Welcome.md",
                "mode": "source",
                "source": false
              }
            }
          },
          {
            "id": "07c002b254d87877",
            "type": "leaf",
            "state": {
              "type": "markdown",
              "state": {
                "file": "Welcome.md",
                "mode": "source",
                "source": false
              }
            }
          }
        ],
        "currentTab": 1
      },
      {
        "id": "9fa8c7ed8a9104f5",
        "type": "tabs",
        "children": [
          {
            "id": "92ff56c147282fa1",
            "type": "leaf",
            "state": {
              "type": "graph",
              "state": {}
            }
          }
        ]
      }
    ],
    "direction": "vertical"
  },
  "left": {
    "id": "a85cd55c8ea6cf03",
    "type": "split",
    "children": [
      {
        "id": "2a14d53e609504db",
        "type": "tabs",
        "children": [
          {
            "id": "54b1aa1339c0ffd9",
            "type": "leaf",
            "state": {
              "type": "file-explorer",
              "state": {
                "sortOrder": "alphabetical"
              }
            }
          },
          {
            "id": "cb928ae417d77334",
            "type": "leaf",
            "state": {
              "type": "search",
              "state": {
                "query": "",
                "matchingCase": false,
                "explainSearch": false,
                "collapseAll": false,
                "extraContext": false,
                "sortOrder": "alphabetical"
              }
            }
          },
          {
            "id": "180c5501ea292c88",
            "type": "leaf",
            "state": {
              "type": "bookmarks",
              "state": {}
            }
          }
        ]
      }
    ],
    "direction": "horizontal",
    "width": 241.5
  },
  "right": {
    "id": "27a744dec92e9041",
    "type": "split",
    "children": [
      {
        "id": "d5d0e7a050f9fac3",
        "type": "tabs",
        "children": [
          {
            "id": "641cb436eab68336",
            "type": "leaf",
            "state": {
              "type": "backlink",
              "state": {
                "file": "Welcome.md",
                "collapseAll": false,
                "extraContext": false,
                "sortOrder": "alphabetical",
                "showSearch": false,
                "searchQuery": "",
                "backlinkCollapsed": false,
                "unlinkedCollapsed": true
              }
            }
          },
          {
            "id": "3c1373ac9b741566",
            "type": "leaf",
            "state": {
              "type": "outgoing-link",
              "state": {
                "file": "Welcome.md",
                "linksCollapsed": false,
                "unlinkedCollapsed": true
              }
            }
          },
          {
            "id": "a05ae4795f512e76",
            "type": "leaf",
            "state": {
              "type": "tag",
              "state": {
                "sortOrder": "frequency",
                "useHierarchy": true
              }
            }
          },
          {
            "id": "f98e2ab56a383b20",
            "type": "leaf",
            "state": {
              "type": "outline",
              "state": {
                "file": "Welcome.md"
              }
            }
          }
        ]
      }
    ],
    "direction": "horizontal",
    "width": 300,
    "collapsed": true
  },
  "left-ribbon": {
    "hiddenItems": {
      "switcher:Abrir selector rápido": false,
      "graph:Abrir vista gráfica": false,
      "canvas:Crear nuevo lienzo": false,
      "daily-notes:Abrir la nota de hoy": false,
      "templates:Insertar plantilla": false,
      "command-palette:Abrir paleta de comandos": false
    }
  },
  "active": "07c002b254d87877",
  "lastOpenFiles": [
    "Notas_random/Prueba.md",
    "Welcome.md",
    "Notas_random"
  ]
}