{
  "main": {
    "id": "f1495091a24e0d34",
    "type": "split",
    "children": [
      {
        "id": "c5354c20352b11f1",
        "type": "tabs",
        "children": [
          {
            "id": "5d9fb30691f617b0",
            "type": "leaf",
            "state": {
              "type": "graph",
              "state": {}
            }
          },
          {
            "id": "96c0623a69f6b1fb",
            "type": "leaf",
            "state": {
              "type": "markdown",
              "state": {
                "file": "Pentesting/Pentesting.md",
                "mode": "source",
                "source": false
              }
            }
          }
        ]
      }
    ],
    "direction": "vertical"
  },
  "left": {
    "id": "a85cd55c8ea6cf03",
    "type": "split",
    "children": [
      {
        "id": "2a14d53e609504db",
        "type": "tabs",
        "children": [
          {
            "id": "54b1aa1339c0ffd9",
            "type": "leaf",
            "state": {
              "type": "file-explorer",
              "state": {
                "sortOrder": "alphabetical"
              }
            }
          },
          {
            "id": "cb928ae417d77334",
            "type": "leaf",
            "state": {
              "type": "search",
              "state": {
                "query": "",
                "matchingCase": false,
                "explainSearch": false,
                "collapseAll": false,
                "extraContext": false,
                "sortOrder": "alphabetical"
              }
            }
          },
          {
            "id": "180c5501ea292c88",
            "type": "leaf",
            "state": {
              "type": "bookmarks",
              "state": {}
            }
          }
        ]
      }
    ],
    "direction": "horizontal",
    "width": 201.5
  },
  "right": {
    "id": "27a744dec92e9041",
    "type": "split",
    "children": [
      {
        "id": "d5d0e7a050f9fac3",
        "type": "tabs",
        "children": [
          {
            "id": "641cb436eab68336",
            "type": "leaf",
            "state": {
              "type": "backlink",
              "state": {
                "collapseAll": false,
                "extraContext": false,
                "sortOrder": "alphabetical",
                "showSearch": false,
                "searchQuery": "",
                "backlinkCollapsed": false,
                "unlinkedCollapsed": true
              }
            }
          },
          {
            "id": "3c1373ac9b741566",
            "type": "leaf",
            "state": {
              "type": "outgoing-link",
              "state": {
                "linksCollapsed": false,
                "unlinkedCollapsed": true
              }
            }
          },
          {
            "id": "a05ae4795f512e76",
            "type": "leaf",
            "state": {
              "type": "tag",
              "state": {
                "sortOrder": "frequency",
                "useHierarchy": true
              }
            }
          },
          {
            "id": "f98e2ab56a383b20",
            "type": "leaf",
            "state": {
              "type": "outline",
              "state": {}
            }
          }
        ]
      }
    ],
    "direction": "horizontal",
    "width": 300,
    "collapsed": true
  },
  "left-ribbon": {
    "hiddenItems": {
      "switcher:Abrir selector rápido": false,
      "graph:Abrir vista gráfica": false,
      "canvas:Crear nuevo lienzo": false,
      "daily-notes:Abrir la nota de hoy": false,
      "templates:Insertar plantilla": false,
      "command-palette:Abrir paleta de comandos": false
    }
  },
  "active": "5d9fb30691f617b0",
  "lastOpenFiles": [
    "Sistemas Operativos/Gestion de procesos.md",
    "Pentesting/Pentesting.md",
    "Pentesting/Pivoting.md",
    "Pentesting/Escalada/Tratamiento de la consola.md",
    "Pentesting/Escalada/Escalada de privilegios.md",
    "Pentesting/Escalada/Escalada con ps -eo comand.md",
    "Pentesting/Explotación/XXE.md",
    "Pentesting/Explotación/SQLI.md",
    "Pentesting/Explotación/Explotación.md",
    "Pentesting/Explotación/Ataque de Shellshock.md",
    "Pentesting/Explotación/LFI.md",
    "Pentesting/Escalada/Escalar privilegios con el grupo Docker.md",
    "Pentesting/Enumeración de Información/Revisar puertos con echo.md",
    "Pentesting/Enumeración de Información/Enumeración de información.md",
    "Pentesting/Explotación/Explotacion Info.php.md",
    "Programación/Scripting en bash de Linux.md",
    "Programación/Programación.md",
    "Pentesting/Escalada/Mover un puerto local a tu pc por SSH.md",
    "Pentesting/Enumeración de Información/Enumeración de Servicios FTP, SSH, SMB, RPC.md",
    "Pentesting/Explotación/Fusion del Passwd y Shadow.md",
    "Redes de Datos/SMTP.md",
    "Redes de Datos/Redes de Datos.md",
    "Pentesting/Explotación/Comand Injection.md",
    "Pentesting/Explotación/Control de acceso.md",
    "Pentesting/Explotación/SSRF.md",
    "Pentesting/Escalada/Shell Escape.md",
    "Docker",
    "Sistemas Operativos",
    "Redes de Datos",
    "Programación",
    "Pentesting/Explotación",
    "Pentesting/Escalada",
    "Pentesting/Enumeración de Información",
    "Pentesting/Recopilación de Información",
    "Pentesting",
    "Seguridad/Acceso_Remoto"
  ]
}