{
  "main": {
    "id": "f1495091a24e0d34",
    "type": "split",
    "children": [
      {
        "id": "c5354c20352b11f1",
        "type": "tabs",
        "children": [
          {
            "id": "5d9fb30691f617b0",
            "type": "leaf",
            "state": {
              "type": "markdown",
              "state": {
                "file": "Pentesting/Explotación/Explotación.md",
                "mode": "source",
                "source": false
              }
            }
          },
          {
            "id": "5665581e5b0d84fb",
            "type": "leaf",
            "state": {
              "type": "graph",
              "state": {}
            }
          }
        ]
      }
    ],
    "direction": "vertical"
  },
  "left": {
    "id": "a85cd55c8ea6cf03",
    "type": "split",
    "children": [
      {
        "id": "2a14d53e609504db",
        "type": "tabs",
        "children": [
          {
            "id": "54b1aa1339c0ffd9",
            "type": "leaf",
            "state": {
              "type": "file-explorer",
              "state": {
                "sortOrder": "alphabetical"
              }
            }
          },
          {
            "id": "cb928ae417d77334",
            "type": "leaf",
            "state": {
              "type": "search",
              "state": {
                "query": "tag:#Three-Way-Handshake",
                "matchingCase": false,
                "explainSearch": false,
                "collapseAll": false,
                "extraContext": false,
                "sortOrder": "alphabetical"
              }
            }
          },
          {
            "id": "180c5501ea292c88",
            "type": "leaf",
            "state": {
              "type": "bookmarks",
              "state": {}
            }
          }
        ]
      }
    ],
    "direction": "horizontal",
    "width": 201.5
  },
  "right": {
    "id": "27a744dec92e9041",
    "type": "split",
    "children": [
      {
        "id": "d5d0e7a050f9fac3",
        "type": "tabs",
        "children": [
          {
            "id": "641cb436eab68336",
            "type": "leaf",
            "state": {
              "type": "backlink",
              "state": {
                "file": "Pentesting/Explotación/Explotación.md",
                "collapseAll": false,
                "extraContext": false,
                "sortOrder": "alphabetical",
                "showSearch": false,
                "searchQuery": "",
                "backlinkCollapsed": false,
                "unlinkedCollapsed": true
              }
            }
          },
          {
            "id": "3c1373ac9b741566",
            "type": "leaf",
            "state": {
              "type": "outgoing-link",
              "state": {
                "file": "Pentesting/Explotación/Explotación.md",
                "linksCollapsed": false,
                "unlinkedCollapsed": true
              }
            }
          },
          {
            "id": "a05ae4795f512e76",
            "type": "leaf",
            "state": {
              "type": "tag",
              "state": {
                "sortOrder": "frequency",
                "useHierarchy": true
              }
            }
          },
          {
            "id": "f98e2ab56a383b20",
            "type": "leaf",
            "state": {
              "type": "outline",
              "state": {
                "file": "Pentesting/Explotación/Explotación.md"
              }
            }
          }
        ]
      }
    ],
    "direction": "horizontal",
    "width": 300,
    "collapsed": true
  },
  "left-ribbon": {
    "hiddenItems": {
      "switcher:Abrir selector rápido": false,
      "graph:Abrir vista gráfica": false,
      "canvas:Crear nuevo lienzo": false,
      "daily-notes:Abrir la nota de hoy": false,
      "templates:Insertar plantilla": false,
      "command-palette:Abrir paleta de comandos": false
    }
  },
  "active": "5d9fb30691f617b0",
  "lastOpenFiles": [
    "Pentesting/Explotación/Estenografía.md",
    "Pentesting/Explotación/Explotación.md",
    "Pentesting/Escalada/Escalada de privilegios.md",
    "Pentesting/Escalada/Permisos de sudo.md",
    "Pentesting/Escalada/Busqueda de puertos abiertos.md",
    "Pentesting/Escalada/Busqueda de binarios SUID.md",
    "Pentesting/Explotación/Fuerza Bruta con Hydra.md",
    "Pentesting/Enumeración de Información/Enumeración de Servicios FTP, SSH, SMB, RPC.md",
    "Sistemas Operativos/nc (Netcat).md",
    "Pentesting/Enumeración de Información/Enumeración de información.md",
    "Redes de Datos/Redes de Datos.md",
    "Seguridad/Datos/Permisos.md",
    "Pentesting/Pentesting.md",
    "Redes de Datos/ARP y ICMP.md",
    "Redes de Datos/Direcciones IP y MAC.md",
    "Redes de Datos/DNS y DHCP.md",
    "Redes de Datos/Máscara de Red.md",
    "Redes de Datos/Puertos.md",
    "Redes de Datos/TCP, UDP y Three-Way Handshake.md",
    "Programación/Programación.md",
    "Programación/CMD de Windows.md",
    "Seguridad/Acceso_Remoto/Seguridad de los Accesos Remotos.md",
    "Seguridad/Aplicaciones/Seguridad de las Aplicaciones.md",
    "Seguridad/Datos/Copias de seguridad.md",
    "Seguridad/Datos/Cifrado.md",
    "Seguridad/Datos/Seguridad de los Datos.md",
    "Sistemas Operativos",
    "Redes de Datos",
    "Programación",
    "Pentesting/Explotación",
    "Pentesting/Escalada",
    "Pentesting/Enumeración de Información",
    "Pentesting/Recopilación de Información",
    "Pentesting",
    "Seguridad/Acceso_Remoto",
    "Seguridad/Red"
  ]
}